{"runMeanNumUniqDetections": [5.773, 6.139, 5.701, 5.916, 5.724, 5.9, 9.927, 16.997, 17.217, 16.664, 16.656, 16.755, 16.478, 7.108, 15.097, 6.412, 18.246, 6.927, 19.76], "runMeanMissionPercentTimeWastedFromOB": [0.0051621058476929065, 0.003487115167795553, 0.004705701435743906, 0.003428455817192585, 0.00462900186086759, 0.003515391499124328, 0.029587840021730386, 0.004278907797644127, 0.005832772538058622, 0.003499456903438425, 0.005705915320434261, 0.004078378206507509, 0.00572461398956786, 0.007785437856232805, 0.0039439480364860495, 0.014004723963291337, 0.005810910508000253, 0.004058766794666247, 0.0013307362371612207], "runMeanNumCharacterizations": [0.316, 0.204, 0.295, 0.199, 0.324, 0.18, 0.591, 0.941, 0.737, 0.953, 0.688, 0.948, 0.624, 0.543, 1.269, 0.514, 1.479, 0.543, 1.543], "runMeanTimeObserving": [84.71339293695559, 82.71523549849805, 85.29684892708087, 82.85985646120027, 85.39148395012356, 82.64221614999884, 354.44304143206296, 85.84245124418669, 76.93216385570011, 86.8388817810669, 77.24492239717686, 86.09535930812555, 77.1957340442149, 90.60159220575274, 60.63248676679238, 90.03369364310196, 90.78189123423823, 90.93824618170775, 91.18733950785833], "runMeanTimeCharacterizing": [0.4963596409310251, 0.2352568055293585, 0.46556255825906157, 0.23362393077697416, 0.4792231299134503, 0.20949055616205509, 2.6073683430243917, 1.3829510475667501, 0.9010117961333892, 1.4889132548545603, 0.8437670055926377, 1.4149259042325335, 0.7818620455764982, 1.3416531694312595, 2.7409035205952734, 1.3793813679904605, 4.133980476374611, 1.530223808567575, 4.024939498209664], "runMeanTimeWastedOnTargetsWithNoDet": [0.06653435995689946, 0.0046394987017807044, 0.0, 0.025354183249660274, 0.0011663316916730086, 0.0, 0.010369214465287019, 0.01246271875070306, 0.0011329744318820964, 0.0, 0.0011329744318820964, 0.0, 0.006054156966509336, 0.0, 0.0, 0.0, 0.0, 0.2247099285841905, 0.010221050011127296], "runmeanEngineeringTimeWasted": [6.599107063044413, 8.597264501501943, 6.015651072919105, 8.452643538799734, 5.917363549876436, 8.66663135000116, 10.806958567937022, 5.470048755813305, 14.380336144299898, 4.473618218933095, 14.067577602823144, 5.213488191874449, 14.113113455785097, 0.710907794247258, 0.2400782332076194, 1.2788063568980401, 0.5306087657617732, 0.3706013182922442, 0.12150799214167772], "runMeanTimeWastedFromOB": [0.4713647902174585, 0.3184172037593314, 0.42968936235136546, 0.3130608718073979, 0.4226688249911749, 0.32098634629633965, 10.806958567937022, 0.3907177682723793, 0.532605042381478, 0.31954415849522116, 0.5210213926971535, 0.3723920137053176, 0.5227079057698184, 0.710907794247258, 0.2400782332076194, 1.2788063568980401, 0.5306087657617732, 0.3706013182922442, 0.12150799214167772], "allFolderDirs": ["/home/dean/Documents/SIOSlab/Dean19May18RS09CXXfZ01OB54PP01SU01", "/home/dean/Documents/SIOSlab/Dean19May18RS09CXXfZ01OB55PP01SU01", "/home/dean/Documents/SIOSlab/Dean19May18RS09CXXfZ01OB56PP01SU01", "/home/dean/Documents/SIOSlab/Dean19May18RS09CXXfZ01OB57PP01SU01", "/home/dean/Documents/SIOSlab/Dean19May18RS09CXXfZ01OB58PP01SU01", "/home/dean/Documents/SIOSlab/Dean19May18RS09CXXfZ01OB59PP01SU01", "/home/dean/Documents/SIOSlab/Dean21May18RS09CXXfZ01OB01PP01SU01", "/home/dean/Documents/SIOSlab/Dean21May18RS09CXXfZ01OB54PP03SU03", "/home/dean/Documents/SIOSlab/Dean21May18RS09CXXfZ01OB55PP03SU03", "/home/dean/Documents/SIOSlab/Dean21May18RS09CXXfZ01OB56PP03SU03", "/home/dean/Documents/SIOSlab/Dean21May18RS09CXXfZ01OB57PP03SU03", "/home/dean/Documents/SIOSlab/Dean21May18RS09CXXfZ01OB58PP03SU03", "/home/dean/Documents/SIOSlab/Dean21May18RS09CXXfZ01OB59PP03SU03", "/home/dean/Documents/SIOSlab/Dean23May18RS09CXXfZ01OB60PP01SU01", "/home/dean/Documents/SIOSlab/Dean29May18RS09CXXfZ01OB60PP03SU03", "/home/dean/Documents/SIOSlab/Dean2June18RS09CXXfZ01OB63PP01SU01", "/home/dean/Documents/SIOSlab/Dean2June18RS09CXXfZ01OB63PP03SU03", "/home/dean/Documents/SIOSlab/Dean2June18RS09CXXfZ01OB64PP01SU01", "/home/dean/Documents/SIOSlab/Dean2June18RS09CXXfZ01OB64PP03SU03"], "runMeanTimeDetecting": [84.21703329602457, 82.4799786929687, 84.83128636882184, 82.6262325304233, 84.91226082021011, 82.43272559383678, 351.8356730890386, 84.45950019661994, 76.03115205956671, 85.34996852621235, 76.40115539158423, 84.680433403893, 76.41387199863841, 89.25993903632148, 57.89158324619711, 88.6543122751115, 86.6479107578636, 89.40802237314018, 87.16240000964866]}